{
  "V1": {
    "mean_legit": 0.008257737485563688,
    "std_legit": 1.929810657851396,
    "mean_fraud": -4.771948441479082,
    "std_fraud": 6.776789259261436,
    "overall_mean": 1.1751608993193201e-15,
    "overall_std": 1.9586923652174189,
    "correlation_with_fraud": -0.10134729859508473
  },
  "V2": {
    "mean_legit": -0.006270857415807066,
    "std_legit": 1.636143175219029,
    "mean_fraud": 3.6237781019822806,
    "std_fraud": 4.286852416441695,
    "overall_mean": 3.384974329561085e-16,
    "overall_std": 1.6513056804786777,
    "correlation_with_fraud": 0.09128865034461883
  },
  "V3": {
    "mean_legit": 0.012170917031845403,
    "std_legit": 1.4594264609010241,
    "mean_fraud": -7.0332810485965584,
    "std_fraud": 7.103707052253432,
    "overall_mean": -1.379536707896593e-15,
    "overall_std": 1.5162523432763153,
    "correlation_with_fraud": -0.19296082706741338
  },
  "V4": {
    "mean_legit": -0.00785986782046522,
    "std_legit": 1.3993307739837115,
    "mean_fraud": 4.542029104423092,
    "std_fraud": 2.8703961643294176,
    "overall_mean": 2.094852037917049e-15,
    "overall_std": 1.4158660892755088,
    "correlation_with_fraud": 0.13344748623900424
  },
  "V5": {
    "mean_legit": 0.00545311588864745,
    "std_legit": 1.3569493047244103,
    "mean_fraud": -3.151224885936005,
    "std_fraud": 5.36700541251986,
    "overall_mean": 1.0218790428863653e-15,
    "overall_std": 1.38024431090289,
    "correlation_with_fraud": -0.094974298991448
  },
  "V6": {
    "mean_legit": 0.0024187484361073526,
    "std_legit": 1.329910656935508,
    "mean_fraud": -1.3977367105923515,
    "std_fraud": 1.8562342883333316,
    "overall_mean": 1.4944981002213093e-15,
    "overall_std": 1.3322687508539335,
    "correlation_with_fraud": -0.043643160699963726
  },
  "V7": {
    "mean_legit": 0.009636549929484086,
    "std_legit": 1.1788101167007254,
    "mean_fraud": -5.5687310837427395,
    "std_fraud": 7.199445149373005,
    "overall_mean": -5.620334735875009e-16,
    "overall_std": 1.2370914263703792,
    "correlation_with_fraud": -0.18725659151429688
  },
  "V8": {
    "mean_legit": -0.0009874711516652873,
    "std_legit": 1.161281309003834,
    "mean_fraud": 0.5706358952962376,
    "std_fraud": 6.790918757849476,
    "overall_mean": 1.1496139232471609e-16,
    "overall_std": 1.1943508058914716,
    "correlation_with_fraud": 0.019875123914794304
  },
  "V9": {
    "mean_legit": 0.004466568691335963,
    "std_legit": 1.0893699825510792,
    "mean_fraud": -2.581122921702995,
    "std_fraud": 2.4983527177895053,
    "overall_mean": -2.4141892388190378e-15,
    "overall_std": 1.0986301604917852,
    "correlation_with_fraud": -0.09773268607407831
  },
  "V10": {
    "mean_legit": 0.009823703892289417,
    "std_legit": 1.0442018451712212,
    "mean_fraud": -5.676882870194368,
    "std_fraud": 4.892361502418924,
    "overall_mean": 2.238553778322944e-15,
    "overall_std": 1.0888478538435995,
    "correlation_with_fraud": -0.21688294364102748
  },
  "V11": {
    "mean_legit": -0.006576104223821521,
    "std_legit": 1.0031101428741538,
    "mean_fraud": 3.800172911374607,
    "std_fraud": 2.6758809788242064,
    "overall_mean": 1.7244208848707414e-15,
    "overall_std": 1.0207112357718877,
    "correlation_with_fraud": 0.154875644743947
  },
  "V12": {
    "mean_legit": 0.010831723172555738,
    "std_legit": 0.9459373621842637,
    "mean_fraud": -6.259393036190131,
    "std_fraud": 4.649725946197428,
    "overall_mean": -1.2454150835177577e-15,
    "overall_std": 0.9991996353557976,
    "correlation_with_fraud": -0.26059292487721686
  },
  "V13": {
    "mean_legit": 0.0001891994372613584,
    "std_legit": 0.9950647842450668,
    "mean_fraud": -0.10933381708278403,
    "std_fraud": 1.1033952441042354,
    "overall_mean": 8.23889978327132e-16,
    "overall_std": 0.9952724828452344,
    "correlation_with_fraud": -0.004569778799461249
  },
  "V14": {
    "mean_legit": 0.012064392184377496,
    "std_legit": 0.8970049466861546,
    "mean_fraud": -6.971722894107602,
    "std_fraud": 4.2745891590386025,
    "overall_mean": 1.2134813634275587e-15,
    "overall_std": 0.9585939283692614,
    "correlation_with_fraud": -0.3025436958044035
  },
  "V15": {
    "mean_legit": 0.000160810873440156,
    "std_legit": 0.9150582596665292,
    "mean_fraud": -0.09292874691208501,
    "std_fraud": 1.0488477771682738,
    "overall_mean": 4.866698941746315e-15,
    "overall_std": 0.915314404703279,
    "correlation_with_fraud": -0.004223402267856652
  },
  "V16": {
    "mean_legit": 0.007164072539099487,
    "std_legit": 0.8447702481607827,
    "mean_fraud": -4.139945699092808,
    "std_fraud": 3.861104776908536,
    "overall_mean": 1.4362190610566962e-15,
    "overall_std": 0.876251349059508,
    "correlation_with_fraud": -0.19653894030401806
  },
  "V17": {
    "mean_legit": 0.011535063252129248,
    "std_legit": 0.7494553302369439,
    "mean_fraud": -6.665836399449663,
    "std_fraud": 6.963530175905189,
    "overall_mean": -3.768178970643472e-16,
    "overall_std": 0.849335572598311,
    "correlation_with_fraud": -0.3264810672437138
  },
  "V18": {
    "mean_legit": 0.003887180071097925,
    "std_legit": 0.8249171688372697,
    "mean_fraud": -2.2463081339714064,
    "std_fraud": 2.896417889901554,
    "overall_mean": 9.70785090742047e-16,
    "overall_std": 0.8381747380464949,
    "correlation_with_fraud": -0.11148525388904085
  },
  "V19": {
    "mean_legit": -0.001177863909078364,
    "std_legit": 0.8117316932648005,
    "mean_fraud": 0.680659303475429,
    "std_fraud": 1.538287619581563,
    "overall_mean": 1.0362492169269548e-15,
    "overall_std": 0.8140390716583121,
    "correlation_with_fraud": 0.03478301303651455
  },
  "V20": {
    "mean_legit": -0.0006442894068880698,
    "std_legit": 0.7694022105963088,
    "mean_fraud": 0.3723193957714717,
    "std_fraud": 1.3452659462786352,
    "overall_mean": 6.418677738129982e-16,
    "overall_std": 0.7709236714693609,
    "correlation_with_fraud": 0.020090324196975404
  },
  "V21": {
    "mean_legit": -0.001234846805525402,
    "std_legit": 0.716742207130876,
    "mean_fraud": 0.7135883526687006,
    "std_fraud": 3.865370177242578,
    "overall_mean": 1.6286197246001448e-16,
    "overall_std": 0.7345227248583109,
    "correlation_with_fraud": 0.04041338061057534
  },
  "V22": {
    "mean_legit": -2.4311239340300425e-05,
    "std_legit": 0.7236671648582931,
    "mean_fraud": 0.014048882140121373,
    "std_fraud": 1.4930819425083135,
    "overall_mean": -3.5765766501022783e-16,
    "overall_std": 0.7257002864164012,
    "correlation_with_fraud": 0.0008053175052984485
  },
  "V23": {
    "mean_legit": 6.97519274279322e-05,
    "std_legit": 0.6215400606585779,
    "mean_fraud": -0.04030796594836943,
    "std_fraud": 1.5780361736076316,
    "overall_mean": 2.618565047396311e-16,
    "overall_std": 0.624459199307252,
    "correlation_with_fraud": -0.0026851557402506935
  },
  "V24": {
    "mean_legit": 0.00018192536544853305,
    "std_legit": 0.6057752189450446,
    "mean_fraud": -0.10513030543948289,
    "std_fraud": 0.5150523144849319,
    "overall_mean": 4.473914184636868e-15,
    "overall_std": 0.60564600456748,
    "correlation_with_fraud": -0.007220906715952693
  },
  "V25": {
    "mean_legit": -7.17262632402963e-05,
    "std_legit": 0.5206722325075195,
    "mean_fraud": 0.041448887262827076,
    "std_fraud": 0.7963941140320374,
    "overall_mean": 5.109395214431826e-16,
    "overall_std": 0.5212771553974802,
    "correlation_with_fraud": 0.0033077055972996405
  },
  "V26": {
    "mean_legit": -8.937579014912199e-05,
    "std_legit": 0.48224023541499283,
    "mean_fraud": 0.05164812556245366,
    "std_fraud": 0.47119935375624106,
    "overall_mean": 1.6861004207625027e-15,
    "overall_std": 0.48222616667470836,
    "correlation_with_fraud": 0.004455397501283344
  },
  "V27": {
    "mean_legit": -0.0002951754138341059,
    "std_legit": 0.39984583046320893,
    "mean_fraud": 0.17057479224418592,